Actual,Predicted
0.477,0.47721
0.458,0.45549
5.00001,5.00001
2.186,2.1860867
2.78,2.7800333
1.587,1.5869033
1.982,1.9818733
1.575,1.5749934
3.4,3.4000933
4.466,4.46604
1.232,1.2319633
2.539,2.53902
2.151,2.1505866
2.205,2.2049067
2.198,2.1977668
1.362,1.36193
1.784,1.7840734
1.875,1.875
1.398,1.39802
1.375,1.375
4.25,4.2498264
4.056,4.0557265
1.388,1.3877367
5.00001,5.00001
1.621,1.62105
0.514,0.51408
1.513,1.5127233
0.948,0.94799
2.041,2.0410733
3.615,3.6146967
0.851,0.85084
1.384,1.38391
1.375,1.375
4.65,4.6461134
2.718,2.71787
2.394,2.39382
3.409,3.4085
1.504,1.504
1.281,1.2811233
1.56,1.5600634
2.581,2.5808167
0.905,0.90499336
0.713,0.713
2.197,2.19708
1.51,1.5100067
2.901,2.9002666
1.42,1.4200233
2.915,2.9149268
2.554,2.55396
0.981,0.98097664
2.519,2.51897
1.621,1.62102
1.294,1.29398
0.894,0.89401
1.505,1.5051267
1.338,1.33797
0.804,0.80396
2.111,2.1107066
2.556,2.5559433
2.145,2.1450033
5.00001,5.00001
2.021,2.02102
0.815,0.81502664
0.988,0.9880133
2.819,2.8188567
1.846,1.8460433
2.547,2.5467367
1.431,1.4309933
1.625,1.625
1.426,1.426
0.859,0.8590033
1.869,1.8690567
0.713,0.71299666
1.744,1.744
2.25,2.25
1.465,1.465
4.05,4.05027
1.896,1.8959934
1.644,1.64399
3.375,3.3751633
0.725,0.725
1.438,1.438
1.6,1.5999933
1.181,1.1810133
3.74,3.7407167
2.027,2.0268567
0.966,0.96604
0.658,0.65806
1.674,1.6738733
1.798,1.7979733
0.967,0.96696335
2.661,2.6607466
0.911,0.91102
0.498,0.49800667
0.907,0.90695333
1.158,1.1579766
2.786,2.7860334
2.5,2.5000067
0.85,0.85002667
1.77,1.7699333
0.997,0.9967167
3.576,3.5757732
4.75,4.74844
2.736,2.73599
1.824,1.82387
1.578,1.5780467
1.938,1.938
3.336,3.3359866
2.646,2.6459467
0.584,0.5840033
1.734,1.7340133
2.148,2.14798
2.0,1.9996834
4.228,4.2290435
0.936,0.93596
1.222,1.22201
1.676,1.6759967
3.036,3.03653
2.693,2.6928866
2.644,2.6443534
1.91,1.9099267
1.538,1.538
2.755,2.7555234
2.088,2.0880268
1.423,1.4229567
0.635,0.63501
0.958,0.95803666
2.317,2.3170066
2.215,2.21498
0.895,0.89501
2.26,2.2599967
5.00001,5.00001
2.702,2.7010133
0.596,0.59604335
1.933,1.9329133
1.336,1.3360033
1.619,1.6189867
3.575,3.57573
2.765,2.7652433
4.107,4.1071134
3.75,3.7494333
1.352,1.35192
1.672,1.6720233
2.52,2.5199866
3.084,3.08465
1.721,1.72101
5.00001,5.00001
1.938,1.938
1.052,1.0520166
0.908,0.9080333
1.688,1.688
1.621,1.6210333
1.612,1.61195
1.375,1.375
2.893,2.8929634
2.787,2.7865868
1.617,1.6169766
2.31,2.31005
0.875,0.875
0.957,0.957
2.406,2.4060533
2.141,2.14096
4.286,4.2865834
1.25,1.25
0.764,0.76387
2.638,2.6379633
1.204,1.20391
1.091,1.0909667
1.706,1.7059966
2.574,2.57393
3.2,3.20056
2.896,2.89597
3.073,3.0727832
3.255,3.2552567
0.584,0.58407
0.485,0.48517334
2.167,2.16698
0.979,0.9790133
1.586,1.5860333
0.69,0.6899933
3.223,3.22282
4.677,4.67589
1.63,1.6300133
2.871,2.8711934
0.546,0.5460733
0.904,0.90400666
1.555,1.5549934
1.75,1.7499933
4.112,4.112817
3.321,3.3206267
1.412,1.4120567
2.471,2.471
1.53,1.52999
1.55,1.5499933
3.908,3.9082367
0.9,0.89999664
1.967,1.9670067
0.682,0.68197
5.00001,5.00001
0.921,0.92064
2.979,2.9790866
5.00001,5.00001
3.323,3.3221567
1.711,1.7109933
1.521,1.5210533
2.32,2.3200066
1.271,1.2709867
0.875,0.875
2.034,2.0335467
2.286,2.2859666
1.167,1.1670333
4.167,4.16675
2.276,2.2758033
2.679,2.6788833
0.972,0.97194666
1.375,1.375
1.988,1.98806
0.686,0.68595666
3.525,3.5253966
1.038,1.03803
1.078,1.0779834
1.317,1.31696
2.713,2.7129767
0.973,0.97301
0.95,0.94999665
0.675,0.67498
3.261,3.2602668
0.656,0.65614
2.256,2.25604
2.638,2.6379132
3.483,3.48254
3.25,3.25
1.088,1.0879734
4.0,4.0
1.384,1.3839533
0.61,0.60982
4.531,4.52671
5.00001,5.00001
1.202,1.2023166
3.292,3.2928767
1.963,1.96305
1.5,1.5
1.52,1.5201367
1.699,1.6988966
1.375,1.375
2.83,2.8298833
4.045,4.04454
1.935,1.93493
2.051,2.0510533
1.456,1.4559933
2.25,2.25
2.159,2.1587567
1.585,1.5849566
1.247,1.24724
0.654,0.6539533
2.802,2.80251
1.805,1.80499
1.054,1.0538867
1.0,1.0
1.663,1.66297
1.58,1.5799366
2.438,2.4379334
3.629,3.62848
2.019,2.0190566
0.526,0.52600664
5.00001,5.00001
1.12,1.1202466
2.25,2.2500033
4.399,4.3999
0.883,0.883
5.00001,5.00001
2.768,2.76818
1.792,1.7919967
1.997,1.99666
1.32,1.3201066
0.613,0.61289
1.719,1.7189233
1.238,1.2380134
1.353,1.353
1.371,1.3711166
1.293,1.2931
2.279,2.27888
0.944,0.94399333
1.035,1.0349367
3.208,3.2079732
1.25,1.2497433
3.324,3.3242333
1.591,1.59101
2.369,2.3684266
4.616,4.61377
1.569,1.5690033
1.482,1.4819666
1.665,1.66485
1.969,1.9689933
1.678,1.6779734
1.267,1.2670066
5.00001,5.00001
0.579,0.5789667
2.38,2.3800266
1.42,1.41998
0.869,0.86891335
0.56,0.55997664
5.00001,5.00001
1.124,1.1229267
0.636,0.63594
4.313,4.31455
2.659,2.6588233
0.58,0.5801067
1.941,1.9410133
1.428,1.4278467
1.787,1.7871367
1.875,1.875
2.25,2.25
3.13,3.1304767
5.00001,5.00001
1.536,1.53606
0.623,0.6231533
1.945,1.9451233
1.639,1.63901
3.988,3.9873967
2.041,2.0410366
1.993,1.99297
1.767,1.7669233
5.00001,5.00001
2.489,2.4888766
1.5,1.5
2.317,2.31706
0.58,0.58006
1.26,1.2600434
1.633,1.6329933
1.134,1.1339734
3.0,2.9998233
3.109,3.1088467
2.188,2.18801
0.704,0.7041867
2.377,2.3771868
1.188,1.188
0.731,0.73102665
0.75,0.75
4.507,4.50647
2.402,2.4020567
0.658,0.65799
0.647,0.6470133
1.751,1.75203
2.237,2.2368433
0.963,0.96302
4.051,4.0510435
3.768,3.7679334
5.00001,5.00001
3.5,3.5
1.625,1.625
1.773,1.7729566
0.984,0.9839733
1.388,1.3879666
1.75,1.75
2.609,2.6089268
1.047,1.0471033
1.595,1.59502
2.959,2.9590366
1.375,1.375
5.00001,5.00001
2.27,2.2698467
2.639,2.63887
1.604,1.6040334
1.42,1.42003
1.625,1.625
2.304,2.3039768
5.00001,5.00001
2.177,2.1768467
1.83,1.83001
2.458,2.45787
1.292,1.29198
0.604,0.6039133
0.675,0.675
2.952,2.9520934
1.926,1.9260067
1.506,1.50604
1.257,1.2569
0.634,0.63397
1.513,1.5129566
2.456,2.45602
5.00001,5.00001
1.655,1.6549767
1.135,1.1349967
3.222,3.2218966
3.625,3.6250668
0.696,0.6959767
1.561,1.5609367
0.875,0.875
1.931,1.9309567
2.18,2.17992
1.018,1.0180433
1.291,1.2908633
1.563,1.5629933
1.832,1.8319933
1.481,1.4809034
5.00001,5.00001
2.221,2.2209966
1.676,1.67602
1.845,1.8450867
3.7,3.7001
2.394,2.3938167
1.667,1.6669867
2.333,2.3330467
2.4,2.4000466
0.913,0.91301
4.835,4.8346267
1.505,1.5050933
0.995,0.99491334
2.402,2.40207
0.955,0.955
5.00001,5.00001
2.516,2.5147233
1.208,1.208
1.357,1.3570367
2.254,2.2539532
5.00001,5.00001
0.851,0.8508833
5.00001,5.00001
1.648,1.6480334
1.116,1.11605
1.61,1.6099867
2.137,2.13708
1.165,1.16504
3.5,3.5
1.599,1.59898
4.383,4.384343
1.711,1.71105
2.711,2.7110167
5.00001,5.00001
0.68,0.6799567
1.917,1.9170066
2.559,2.55896
1.125,1.125
1.822,1.8224666
3.476,3.4762034
3.32,3.3196967
1.109,1.1090434
2.119,2.1189268
2.625,2.625
2.379,2.3789434
0.9,0.89999336
4.272,4.27236
3.705,3.7024267
1.163,1.1630133
1.708,1.7080033
2.855,2.8538866
1.115,1.1150134
0.832,0.83199
2.482,2.48203
3.955,3.9542167
2.183,2.1830432
5.00001,5.00001
0.889,0.88900334
1.81,1.8099366
2.809,2.8089533
3.453,3.4534032
1.81,1.8099834
1.922,1.92198
0.781,0.7811767
0.75,0.75
4.333,4.3320765
1.601,1.601
1.092,1.0919766
0.962,0.9620067
1.914,1.9140366
3.6,3.59998
1.856,1.8559433
1.188,1.188
1.227,1.2269933
2.063,2.0629766
1.956,1.95588
0.756,0.7555467
1.043,1.0431833
3.859,3.8594234
1.139,1.1390033
0.794,0.7943133
0.813,0.81299335
1.292,1.292
0.735,0.73497
1.759,1.7589433
1.424,1.4239367
2.341,2.3409634
2.867,2.8670366
0.925,0.9249967
1.701,1.7009667
1.618,1.6180167
2.253,2.2521267
1.706,1.7059866
3.194,3.1939766
0.958,0.95800334
0.734,0.73393
0.936,0.93590665
0.517,0.51698667
3.587,3.5868733
0.647,0.64697665
3.442,3.4418666
3.14,3.1402833
1.857,1.8570234
2.793,2.79295
1.194,1.1940167
2.804,2.8037834
1.871,1.87106
0.838,0.83803666
3.093,3.09198
2.292,2.2920434
2.45,2.45029
2.276,2.2758567
5.00001,5.00001
3.208,3.2078667
1.473,1.4729067
1.623,1.6230366
2.659,2.6592
5.00001,5.00001
1.891,1.8910134
3.164,3.1630833
1.819,1.8189933
2.615,2.6150634
0.69,0.6899767
1.813,1.8129367
2.93,2.92996
1.111,1.11079
2.183,2.1830168
1.472,1.47206
2.438,2.43801
2.23,2.2299767
1.375,1.375
0.606,0.6058133
2.75,2.7500134
3.5,3.5
1.712,1.71191
0.835,0.83492666
2.25,2.25
1.656,1.656
1.52,1.5200733
1.92,1.92005
2.542,2.5420468
1.5,1.5
2.125,2.125
0.804,0.8040133
2.065,2.0653467
3.311,3.312
2.014,2.0141466
1.884,1.8837733
1.954,1.95397
4.425,4.42819
1.527,1.5269734
5.00001,5.00001
2.398,2.3978167
1.594,1.5939933
0.918,0.91800666
2.409,2.4090033
1.364,1.364
1.036,1.0360334
1.325,1.32505
2.929,2.9288332
0.628,0.62780666
1.121,1.1210467
0.891,0.89095
1.207,1.2069666
4.714,4.71365
3.147,3.1472566
2.264,2.2639832
4.097,4.096697
1.49,1.4901333
1.717,1.7171167
2.355,2.35508
3.228,3.2276266
2.445,2.44508
1.622,1.6220133
3.409,3.4085534
0.574,0.57386667
1.989,1.9887266
1.097,1.0970234
1.375,1.375
0.857,0.8568533
0.983,0.98298335
1.782,1.7819966
1.375,1.375
2.75,2.75
3.815,3.8146267
5.00001,5.00001
5.00001,5.00001
1.792,1.7920166
2.045,2.0450666
3.941,3.9408
1.844,1.844
1.74,1.7400134
0.807,0.80712664
1.896,1.8959833
0.6,0.59994334
1.266,1.26602
2.625,2.625
1.392,1.3920333
0.513,0.5131367
2.292,2.2919867
1.011,1.0109934
0.977,0.97686666
1.583,1.5830166
3.491,3.4906633
0.855,0.85509336
2.141,2.14094
2.271,2.2709866
1.557,1.5570034
0.668,0.66792667
2.073,2.0730567
2.228,2.2280366
3.545,3.5444267
3.405,3.4044766
0.529,0.5289033
1.406,1.406
1.508,1.5079367
0.561,0.5610567
2.596,2.5960467
3.189,3.1888766
1.484,1.4839866
2.899,2.8985734
1.618,1.6180134
2.55,2.5498033
0.875,0.875
2.45,2.44996
3.05,3.0500133
2.15,2.15002
2.49,2.4897168
5.00001,5.00001
3.2,3.2001967
1.74,1.74001
2.925,2.92516
5.00001,5.00001
2.899,2.89885
4.384,4.3842835
1.82,1.8201033
1.705,1.7049733
0.692,0.69179
0.956,0.95600665
2.728,2.7280767
0.813,0.81299335
2.724,2.72395
1.526,1.5260667
0.559,0.55899
2.135,2.1351733
3.313,3.31299
2.018,2.0182433
0.571,0.57103
3.318,3.3188233
3.659,3.6591666
1.275,1.27496
1.118,1.11802
3.537,3.5359166
2.293,2.29299
0.875,0.875
2.375,2.375
1.133,1.1330234
1.125,1.125
1.385,1.38495
3.074,3.0743632
1.009,1.0089366
0.978,0.97794
1.767,1.7669266
2.18,2.17978
2.906,2.90583
1.577,1.5769967
3.48,3.47892
0.672,0.67201334
2.604,2.6043367
1.236,1.2359767
0.675,0.67498
1.307,1.3069633
0.66,0.66002
1.666,1.66588
2.256,2.2560067
2.571,2.5709367
5.00001,5.00001
1.139,1.13899
0.91,0.91037
2.174,2.1739032
0.96,0.9599533
1.292,1.2919867
3.502,3.5025632
4.421,4.41988
2.229,2.2290466
0.813,0.813
1.606,1.60597
5.00001,5.00001
3.412,3.4121532
2.879,2.87902
3.447,3.4469366
1.8,1.80012
1.678,1.6779966
0.55,0.54997
0.508,0.50799
1.426,1.4260033
2.358,2.35761
1.127,1.12662
2.102,2.1020668
2.107,2.10704
0.654,0.6539767
1.625,1.625
1.503,1.50293
5.00001,5.00001
1.014,1.0139867
2.218,2.21779
2.603,2.6032233
1.788,1.78801
1.704,1.70393
3.194,3.19386
1.906,1.9060034
1.841,1.8409966
1.911,1.911
1.496,1.4958867
5.00001,5.00001
1.834,1.834
4.441,4.4412365
2.427,2.4270732
0.762,0.7620767
1.329,1.3289233
4.098,4.097057
1.125,1.1250134
3.766,3.76703
0.505,0.50512
5.00001,5.00001
2.095,2.09502
0.778,0.77775
2.997,2.9956567
3.75,3.7499232
1.565,1.5648733
2.4,2.40005
0.772,0.77185667
0.985,0.98493665
5.00001,5.00001
1.104,1.10399
0.864,0.86401
2.304,2.30391
1.639,1.6389934
5.00001,5.00001
0.495,0.49495333
1.074,1.07389
3.625,3.62508
1.45,1.4499967
2.185,2.1850533
1.301,1.3010033
1.46,1.46002
1.525,1.5250167
4.572,4.571833
1.652,1.65199
3.947,3.9452133
1.444,1.44396
1.366,1.36606
2.164,2.1639633
1.39,1.38996
1.038,1.0380167
4.885,4.8910165
2.271,2.2710266
2.38,2.37998
2.156,2.1560466
2.923,2.92309
1.459,1.459
1.873,1.8730134
1.854,1.85405
2.8,2.7996666
1.411,1.4109967
1.909,1.9090166
2.625,2.6250567
4.42,4.41941
2.748,2.7471833
0.855,0.85507333
2.318,2.3179734
3.02,3.0199933
2.358,2.35777
0.722,0.72202
1.824,1.8238434
5.00001,5.00001
0.787,0.78698
1.813,1.813
1.98,1.97995
1.996,1.9960634
0.633,0.63302
0.94,0.93994
1.868,1.8679833
1.17,1.1699834
1.178,1.1778634
1.21,1.2101034
2.309,2.30905
4.273,4.2752867
1.281,1.2810867
3.847,3.84695
2.904,2.90402
0.913,0.91302335
0.619,0.61918336
2.322,2.3209167
1.296,1.2959267
1.275,1.2749667
1.505,1.5051033
1.875,1.875
4.379,4.380787
1.265,1.26497
4.534,4.537793
2.294,2.2940567
3.649,3.6486766
1.919,1.91902
0.875,0.875
0.3,0.30694667
3.357,3.3569267
2.421,2.4209867
1.737,1.737
0.541,0.5409567
2.078,2.0781534
1.125,1.125
1.667,1.6669867
2.718,2.71792
1.411,1.4110034
3.75,3.74991
1.616,1.6161033
1.594,1.59403
0.863,0.8630033
2.563,2.5631633
2.132,2.132
2.541,2.54102
1.326,1.32604
1.693,1.6929966
3.477,3.4770267
1.597,1.59698
0.909,0.90899
2.905,2.9049532
1.899,1.8990067
4.956,4.95545
3.333,3.3331466
1.838,1.8380033
1.89,1.88998
1.575,1.575
0.666,0.66587
1.324,1.32381
1.56,1.55996
3.481,3.48091
2.264,2.2640433
0.742,0.74164665
1.583,1.583
5.00001,5.00001
1.655,1.6549833
3.295,3.29514
1.396,1.39597
1.529,1.5290166
3.673,3.6737933
0.7,0.69996
0.974,0.9740033
0.659,0.65878665
0.493,0.49265
1.541,1.5408367
2.728,2.72799
2.471,2.4710333
2.688,2.68802
2.476,2.47603
4.168,4.168357
1.216,1.2159634
1.717,1.7169367
1.738,1.7379967
2.356,2.35601
2.601,2.6008334
2.0,2.0
2.966,2.96624
3.746,3.74561
1.778,1.778
2.695,2.69458
0.62,0.62002665
1.976,1.9760233
0.527,0.5266967
1.914,1.9141
3.177,3.1771066
3.294,3.2939434
3.307,3.3070533
1.874,1.8736067
2.865,2.86491
5.00001,5.00001
1.339,1.339
1.998,1.9982033
0.45,0.44985
3.546,3.54539
2.638,2.6379433
2.784,2.78393
1.604,1.604
2.413,2.4129133
2.083,2.0831366
2.636,2.6359634
1.45,1.4499266
1.325,1.3250433
1.838,1.8379934
0.811,0.81095666
1.765,1.76461
2.555,2.5550234
1.661,1.661
1.02,1.01993
0.861,0.86095
1.006,1.00584
5.0,5.0
2.099,2.0989633
0.525,0.52505
2.629,2.6288567
1.588,1.5879867
2.095,2.0950367
3.5,3.5
2.171,2.1710067
1.414,1.41408
0.934,0.934
1.982,1.9820533
1.872,1.87183
1.853,1.8531
5.00001,5.00001
2.813,2.8126032
1.036,1.03599
2.879,2.87896
2.083,2.0830233
1.75,1.7500067
1.327,1.3270667
1.72,1.7200034
5.00001,5.00001
0.64,0.63968664
2.279,2.2789266
0.631,0.63086665
0.841,0.84105
3.392,3.3917067
1.563,1.563
3.836,3.83741
1.371,1.3711333
0.568,0.56759
0.7,0.6999767
0.963,0.96301335
0.926,0.92601335
3.591,3.5905166
1.587,1.5869967
5.00001,5.00001
1.146,1.1459033
4.102,4.10259
2.819,2.8189366
1.017,1.01686
1.693,1.6929966
2.078,2.0781434
3.272,3.2734168
2.779,2.7786067
1.114,1.114
0.806,0.80628335
2.075,2.07498
2.753,2.7528267
4.21,4.2090034
1.288,1.28806
3.139,3.1389534
0.676,0.67567664
0.644,0.6438367
1.539,1.5391567
1.307,1.3069867
2.385,2.3849733
3.796,3.7949467
1.465,1.46502
1.503,1.5029566
0.803,0.80289
2.933,2.9326634
2.88,2.8801932
1.441,1.4410267
1.27,1.27
1.521,1.52089
1.568,1.5680033
1.049,1.0489533
5.00001,5.00001
1.344,1.3440133
5.00001,5.00001
2.728,2.7279034
1.516,1.5159967
3.626,3.6255
1.692,1.69186
1.404,1.4040233
0.437,0.43753332
1.36,1.35986
2.644,2.6442034
1.522,1.52195
1.375,1.375
2.147,2.14706
1.709,1.70909
2.362,2.3619666
2.978,2.97691
0.885,0.88499665
1.276,1.2760533
0.802,0.80183333
3.06,3.0593066
4.364,4.3644967
2.389,2.3890767
2.317,2.31705
1.229,1.22897
2.182,2.1820033
3.97,3.9704866
2.603,2.6031466
4.357,4.358383
1.64,1.6399833
4.405,4.404947
0.854,0.85398
1.019,1.0190634
1.594,1.5940267
1.903,1.9030033
1.0,1.0
1.396,1.3959566
5.00001,5.00001
1.545,1.5449467
1.705,1.7050233
1.106,1.1059767
1.912,1.9109933
2.872,2.8717933
1.501,1.5012267
2.383,2.3829534
1.542,1.5419967
2.805,2.8060834
1.619,1.6189634
2.656,2.65621
1.227,1.2270033
2.312,2.3119032
3.191,3.1906033
2.313,2.31302
5.00001,5.00001
1.212,1.2118267
2.225,2.225
4.5,4.4999633
1.021,1.0210633
2.012,2.01211
1.042,1.04202
5.00001,5.00001
1.32,1.32001
2.211,2.2110367
1.516,1.516
1.469,1.469
1.512,1.5120933
1.651,1.6510433
2.136,2.1355033
2.135,2.1350965
5.00001,5.00001
4.38,4.3816
1.838,1.8379767
3.5,3.5
1.593,1.5929366
1.291,1.2908833
0.766,0.7661267
2.25,2.25
2.308,2.3080134
4.318,4.3180933
1.91,1.9099567
0.847,0.84700334
1.525,1.5250067
0.676,0.67573667
1.982,1.9819733
3.063,3.06281
1.221,1.2209834
2.761,2.7608533
1.03,1.0299833
4.091,4.0907235
1.352,1.3519633
1.216,1.2160766
1.828,1.82806
2.28,2.28007
1.1,1.1000134
1.112,1.11178
0.847,0.8470067
4.473,4.4726467
0.883,0.88301
0.871,0.87100667
1.875,1.875
1.469,1.46901
1.031,1.031
3.437,3.43643
0.982,0.98198664
2.625,2.6250033
0.774,0.77399665
1.351,1.3506733
1.347,1.3470167
2.313,2.3128166
1.586,1.58606
1.016,1.0160333
1.22,1.22002
3.8,3.7994
1.894,1.8939633
4.4,4.40069
0.7,0.6999433
0.7,0.70002
3.335,3.3349133
1.018,1.01797
5.00001,5.00001
3.605,3.6049032
1.695,1.695
2.056,2.05603
1.663,1.6630033
0.325,0.3276533
3.627,3.6266932
1.745,1.7450267
1.976,1.9760233
1.83,1.83002
1.583,1.5830033
1.002,1.0020334
0.875,0.875
4.611,4.61233
1.902,1.9019233
2.323,2.32358
2.216,2.21611
2.269,2.2689834
2.242,2.24199
1.198,1.1981066
0.782,0.78203
1.651,1.6510034
2.139,2.1389368
0.697,0.69695
1.058,1.0580133
0.75,0.75
0.917,0.91697335
2.695,2.6945167
0.682,0.68194336
1.658,1.65799
1.546,1.5459933
4.727,4.72771
3.459,3.4590433
2.307,2.3068433
3.0,3.00003
2.494,2.494
4.357,4.3581967
2.258,2.25801
1.75,1.75
1.784,1.78399
2.76,2.7600067
1.159,1.1592133
2.143,2.1429734
1.183,1.18303
5.00001,5.00001
1.521,1.5211067
1.404,1.4040067
2.226,2.22597
4.445,4.4435534
5.0,5.0
1.633,1.6330566
1.938,1.938
0.905,0.90499336
1.152,1.152
1.47,1.47055
2.739,2.73906
1.909,1.9090233
0.748,0.74796
5.00001,5.00001
1.185,1.1850066
5.00001,5.00001
0.55,0.54999334
0.584,0.58399665
0.958,0.95799667
0.992,0.99201334
1.674,1.6739334
0.705,0.7049
0.675,0.675
0.757,0.7570033
1.83,1.8299533
5.00001,5.00001
0.973,0.97300667
2.3,2.30002
0.829,0.82893
0.522,0.52096665
1.148,1.1478733
0.88,0.87999
2.242,2.2421
1.5,1.5
3.417,3.4173634
1.817,1.8168733
1.406,1.4058833
0.727,0.72692335
2.109,2.10899
0.977,0.97684
1.097,1.09698
1.656,1.6560034
2.306,2.3060367
1.638,1.6378467
0.958,0.95808333
0.481,0.48092666
0.444,0.44443
2.379,2.3790333
2.848,2.8480866
1.648,1.648
2.0,2.00001
0.778,0.7775933
1.86,1.86
1.697,1.6971867
4.188,4.1877666
0.733,0.73302
0.87,0.8700067
1.682,1.6822367
1.543,1.5430133
2.25,2.2499933
3.33,3.33049
2.259,2.2590933
1.381,1.38099
1.127,1.1265967
2.316,2.3159766
4.191,4.1889467
2.211,2.21105
1.554,1.5539967
1.517,1.5170033
2.489,2.4891534
1.532,1.53196
1.265,1.2649766
2.4,2.4000034
1.861,1.8607967
5.00001,5.00001
1.816,1.8160866
1.781,1.7810134
0.692,0.6919
0.668,0.6679
5.00001,5.00001
1.813,1.8129467
3.964,3.9637566
1.875,1.8750067
2.979,2.9787767
3.454,3.4537532
2.451,2.45097
1.055,1.0550833
1.011,1.01104
1.417,1.417
4.309,4.3088
2.863,2.86265
1.13,1.1298534
4.667,4.66868
1.686,1.6859267
3.605,3.605
2.564,2.56304
1.139,1.1389934
3.504,3.5046866
2.091,2.0910134
1.315,1.3150867
2.167,2.1671968
1.013,1.01296
2.028,2.0280466
1.176,1.1760067
2.926,2.9268134
5.00001,5.00001
1.303,1.3029734
0.924,0.9239867
1.125,1.125
1.542,1.54195
1.04,1.0399033
1.216,1.21604
2.063,2.0629532
1.083,1.0832233
3.494,3.49252
0.833,0.833
2.458,2.4579067
0.915,0.91527665
5.00001,5.00001
5.00001,5.00001
1.905,1.9050033
1.083,1.0830033
0.896,0.89606
5.00001,5.00001
0.946,0.9460033
0.675,0.675
1.775,1.7750567
2.613,2.61309
5.00001,5.00001
1.684,1.68421
2.453,2.4530532
2.4,2.4000134
1.565,1.5649934
5.00001,5.00001
2.356,2.3559966
1.856,1.8559366
3.167,3.1670666
1.188,1.188
2.485,2.48403
2.365,2.3649933
0.946,0.9460367
1.768,1.7681267
1.486,1.48599
1.953,1.95305
2.159,2.15884
1.266,1.2659934
1.739,1.7389966
1.83,1.82995
0.743,0.74294
2.247,2.2471066
1.016,1.0160233
3.91,3.91057
2.65,2.6499166
5.00001,5.00001
1.865,1.8650433
0.78,0.77980334
0.808,0.80813664
1.896,1.896
1.992,1.99196
1.896,1.89599
1.6,1.6000034
3.753,3.7526166
1.667,1.667
2.156,2.15603
2.286,2.2860034
1.713,1.7129967
4.31,4.30951
2.751,2.75093
2.768,2.76788
0.463,0.46341333
1.44,1.4400166
0.943,0.9429833
1.576,1.5759966
1.945,1.9451367
3.511,3.5113432
4.534,4.5371532
2.246,2.24608
1.556,1.5559967
2.42,2.4201968
0.7,0.70006
0.713,0.713
0.668,0.66793334
1.531,1.53101
1.375,1.375
2.304,2.3039932
2.422,2.42208
3.019,3.01942
4.158,4.15878
1.565,1.565
0.786,0.78593665
4.414,4.4146466
1.843,1.8428034
2.765,2.7653368
2.328,2.3281434
0.604,0.6039467
2.241,2.2409933
4.39,4.39127
1.231,1.23101
2.557,2.557
0.576,0.57601666
1.998,1.99816
0.513,0.51336664
3.482,3.48237
3.628,3.6265366
2.403,2.4029667
0.736,0.73595
1.726,1.72601
2.29,2.2900734
1.663,1.66299
0.833,0.83300334
5.00001,5.00001
3.329,3.32784
0.543,0.543
2.417,2.417
3.875,3.87471
1.364,1.36399
0.983,0.9829933
1.76,1.7599933
0.63,0.63007
2.369,2.3685932
0.972,0.9719567
2.2,2.2000034
1.058,1.0580066
2.709,2.70883
0.994,0.99411666
1.663,1.6629933
1.438,1.438
1.406,1.406
3.309,3.3082967
1.569,1.5690033
5.00001,5.00001
1.625,1.625
1.248,1.24825
2.161,2.1610234
1.714,1.7140133
3.256,3.2560966
1.098,1.0979533
2.762,2.7620068
1.299,1.2990834
2.923,2.9233334
3.415,3.41434
0.668,0.6678567
2.388,2.3878734
0.774,0.77391666
0.824,0.82393664
3.599,3.5993767
4.657,4.65816
2.14,2.1399868
1.071,1.0707034
1.578,1.5780467
1.193,1.19299
2.329,2.3288834
1.795,1.7949966
0.701,0.70096
0.55,0.5499733
0.659,0.6588633
0.996,0.99603
5.00001,5.00001
1.641,1.6409934
0.77,0.76989
1.403,1.403
1.729,1.7291033
5.00001,5.00001
3.143,3.1427867
5.00001,5.00001
5.00001,5.00001
1.43,1.4300066
2.806,2.8062568
3.75,3.74997
1.375,1.375
3.371,3.3711467
1.28,1.2800733
1.854,1.85401
0.63,0.62999
1.095,1.0951767
4.0,3.9999566
1.519,1.5190567
0.563,0.56351
1.025,1.0251467
2.25,2.25
1.455,1.4549633
3.631,3.6314766
2.49,2.48985
4.153,4.1520734
2.674,2.6739767
0.75,0.74984336
2.5,2.5
1.618,1.61801
0.975,0.975
1.115,1.1150234
0.873,0.87295
2.729,2.7290566
1.244,1.24399
2.287,2.28692
2.295,2.2952933
1.625,1.625
0.8,0.8000067
1.188,1.188
2.442,2.4419434
1.875,1.875
2.46,2.4602432
1.026,1.0258467
1.167,1.167
1.375,1.375
1.719,1.7189667
1.031,1.0310034
2.391,2.39109
1.94,1.9399834
2.199,2.1988966
3.8,3.7997
1.557,1.5570567
0.899,0.89865
0.893,0.8929167
0.55,0.55
0.498,0.49809667
1.464,1.4640067
2.78,2.7799733
2.887,2.8876934
1.292,1.292
2.216,2.2162132
0.856,0.85592335
1.604,1.60401
0.576,0.57599
3.485,3.4847567
1.994,1.9938967
0.971,0.9710067
0.581,0.5809733
3.01,3.00992
0.742,0.74167335
2.494,2.4938667
2.67,2.66994
1.199,1.19872
0.777,0.77686334
1.434,1.4339967
0.612,0.61201
2.068,2.0678267
3.282,3.2802734
3.606,3.6064866
1.078,1.0780634
0.515,0.51482
0.675,0.67498
1.841,1.8409966
2.0,2.0
3.54,3.5394232
3.938,3.9378066
1.321,1.3210833
3.065,3.06577
1.349,1.3492767
3.193,3.1935334
3.039,3.0386133
3.5,3.5
2.312,2.31213
1.313,1.3129966
1.208,1.2080033
1.352,1.3518966
0.689,0.68893
4.25,4.25009
1.605,1.6050967
1.51,1.5099334
3.495,3.4953632
0.602,0.60239667
3.964,3.9639366
2.785,2.78527
2.393,2.3930132
2.249,2.2491333
0.913,0.91302335
1.114,1.114
1.508,1.5080134
0.647,0.6469967
3.588,3.5876167
2.328,2.3279467
0.544,0.54397
0.982,0.9819667
2.258,2.2580633
1.161,1.1610067
1.964,1.9639866
1.232,1.23196
1.564,1.5640134
1.668,1.6680033
2.159,2.1587234
1.173,1.1730233
2.432,2.43205
0.729,0.72898
1.917,1.9170033
0.6,0.60006666
1.954,1.9539567
1.116,1.11611
2.685,2.6850367
2.6,2.60026
0.894,0.8939933
2.352,2.35174
3.861,3.8618534
1.875,1.875
2.234,2.2338266
1.203,1.20303
1.358,1.3580333
3.074,3.07435
3.268,3.26741
0.703,0.7029167
0.682,0.6819367
1.146,1.1459267
1.772,1.77205
0.819,0.8190567
0.906,0.9060067
0.568,0.56736
3.238,3.23756
2.444,2.4438467
1.443,1.4429433
1.642,1.6420333
2.376,2.37593
2.43,2.4300134
0.833,0.83302665
0.875,0.875
1.317,1.31696
0.47,0.46893334
1.953,1.95301
1.841,1.84099
1.288,1.28819
1.182,1.182
2.128,2.1280334
1.413,1.41283
2.271,2.2711134
0.808,0.8081333
2.013,2.0130234
1.833,1.83301
1.55,1.5499966
1.438,1.438
1.375,1.375
2.801,2.8018768
2.459,2.4603567
2.436,2.43592
1.03,1.02998
1.038,1.0379833
2.359,2.35895
1.619,1.6189867
3.944,3.9440634
1.458,1.4580266
1.848,1.8479567
2.423,2.4231932
3.355,3.3546433
1.655,1.655
2.048,2.0480666
1.597,1.5969967
1.691,1.6908667
4.786,4.7861967
2.589,2.5884433
3.24,3.2398534
1.031,1.0310733
1.381,1.3809767
0.916,0.91573
2.289,2.2889566
1.388,1.3880033
2.522,2.5220733
4.203,4.2022934
2.436,2.4359334
1.421,1.4209666
0.675,0.675
0.928,0.9279967
1.908,1.90798
2.239,2.2390332
1.434,1.434
1.327,1.32709
0.99,0.9899967
0.677,0.6771333
2.274,2.2738867
2.286,2.2860167
1.358,1.3580633
3.621,3.6221733
2.813,2.8129034
5.00001,5.00001
0.906,0.906
0.663,0.66302
1.502,1.5019033
1.703,1.70303
0.993,0.9930033
3.229,3.2290633
2.132,2.132
2.17,2.16998
2.679,2.6787066
2.063,2.0630467
3.768,3.768
0.875,0.875
3.047,3.04716
4.602,4.601033
1.285,1.2849267
2.846,2.8459334
1.196,1.1956867
2.086,2.0860567
1.175,1.17498
0.669,0.6690033
2.048,2.0478368
0.746,0.7461
1.091,1.0909966
1.143,1.1430433
3.083,3.08224
1.13,1.13002
0.917,0.91699666
1.342,1.34212
4.25,4.2499633
0.539,0.5388733
3.106,3.10604
2.417,2.417
2.268,2.2678232
1.008,1.0080366
2.38,2.3800035
2.455,2.455
1.565,1.5649034
1.156,1.1559933
0.664,0.66395664
0.588,0.58796334
2.236,2.2359366
1.693,1.6930033
1.667,1.6669967
2.25,2.25
0.726,0.72606665
1.603,1.60304
1.475,1.4750266
0.912,0.91197
2.083,2.08307
3.353,3.3529568
0.58,0.5801467
2.265,2.2650332
3.452,3.4515233
1.068,1.06773
5.00001,5.00001
2.75,2.75
0.958,0.95802665
0.972,0.9719267
1.55,1.55001
4.0,4.0003533
5.00001,5.00001
3.043,3.0424666
3.592,3.5908732
1.447,1.4470466
3.528,3.5276468
3.556,3.55598
0.991,0.9909933
2.504,2.50391
1.056,1.05601
5.00001,5.00001
1.62,1.62
2.722,2.7221267
2.459,2.45997
1.833,1.8330033
2.207,2.2070034
1.61,1.6099867
3.039,3.03864
2.662,2.6619034
0.901,0.90103
0.875,0.875
2.094,2.09399
1.887,1.887
1.014,1.0138767
3.875,3.8745732
3.591,3.59071
3.273,3.2731266
2.792,2.7919366
2.336,2.3358634
1.635,1.6349467
1.242,1.2420766
4.5,4.5
1.119,1.11888
0.908,0.9080267
1.206,1.20597
4.838,4.8358235
3.667,3.6671968
2.01,2.0102932
3.336,3.3359566
3.625,3.6250668
1.701,1.70103
2.467,2.4668634
1.612,1.61196
1.47,1.4704334
1.179,1.17903
1.113,1.1129867
2.665,2.66435
1.135,1.1349967
3.291,3.2899168
5.00001,5.00001
2.365,2.3652833
1.222,1.222
0.819,0.81905
3.864,3.8645434
1.848,1.84793
1.607,1.6070033
1.016,1.01605
4.24,4.2391067
2.625,2.625
3.694,3.6936667
1.151,1.1509867
2.817,2.8170166
0.981,0.98096
1.311,1.3109866
2.518,2.5179567
2.327,2.3271034
1.392,1.39201
0.715,0.71501
3.405,3.4044833
2.708,2.7082868
1.556,1.5559967
0.892,0.89198667
1.67,1.6698767
1.031,1.0310333
1.805,1.80494
0.512,0.51304
2.046,2.0459633
3.872,3.8706934
1.625,1.625
1.204,1.2039367
1.397,1.3969966
0.982,0.98198664
2.694,2.6934834
2.691,2.69127
5.00001,5.00001
0.496,0.49538
0.58,0.58003664
0.659,0.6589133
1.754,1.75399
3.918,3.9198468
2.808,2.8082132
0.907,0.90692335
5.00001,5.00001
0.923,0.92294
2.271,2.2711067
1.625,1.625
2.909,2.9092
1.831,1.8309933
2.832,2.8318167
1.774,1.774
2.387,2.38711
3.213,3.2125232
2.615,2.61484
0.993,0.99299
2.261,2.2606068
0.517,0.5169967
1.569,1.569
1.609,1.6090233
2.224,2.22393
3.052,3.0516434
1.388,1.38799
2.307,2.30689
0.943,0.94299
0.972,0.97194666
3.821,3.8211567
1.932,1.9320667
2.095,2.09504
2.314,2.3139668
0.893,0.8929333
1.961,1.9609166
1.135,1.13499
1.784,1.78409
4.065,4.064853
2.282,2.28191
2.348,2.34803
2.313,2.3130233
5.00001,5.00001
1.841,1.8410033
2.137,2.1369233
5.00001,5.00001
1.692,1.69192
2.324,2.3238766
3.517,3.51618
2.346,2.3459966
1.125,1.125
1.452,1.45196
0.872,0.87198335
0.535,0.53511333
0.438,0.43962
0.942,0.9420033
2.188,2.18801
1.919,1.91898
1.322,1.32193
0.468,0.46685
1.497,1.4964733
1.263,1.26298
2.559,2.55894
0.945,0.94500667
2.371,2.3713567
5.00001,5.00001
0.875,0.875
1.266,1.26599
2.451,2.45087
1.574,1.5740367
0.784,0.78391
2.181,2.18101
3.5,3.5
1.984,1.9839933
1.439,1.4384633
3.379,3.37925
0.763,0.7628767
1.601,1.601
1.306,1.3060467
1.125,1.125
3.292,3.2929933
2.333,2.33298
0.992,0.99201334
1.979,1.97897
2.041,2.0410333
3.5,3.5
0.621,0.62106
1.404,1.4040266
1.521,1.5210967
1.305,1.30491
1.951,1.9509966
1.995,1.9950867
1.375,1.375
2.75,2.75
1.229,1.22906
1.09,1.0900733
1.217,1.2168267
3.02,3.0199666
2.417,2.41698
1.532,1.5320133
1.693,1.6929966
3.585,3.58544
1.75,1.75
1.125,1.125
3.76,3.75988
1.188,1.188
4.01,4.0085
1.079,1.07891
3.397,3.3970068
1.58,1.57998
4.688,4.6890135
0.631,0.63076335
1.846,1.8459834
1.897,1.8969966
1.909,1.9090134
0.675,0.675
0.853,0.85292333
1.736,1.7360467
1.297,1.2969466
1.81,1.8100033
5.00001,5.00001
3.762,3.7608933
2.43,2.4300632
1.482,1.4819967
2.381,2.3807065
4.5,4.50006
2.4,2.4000134
5.00001,5.00001
2.741,2.7410133
1.901,1.9010733
2.684,2.6839433
3.493,3.49267
2.757,2.7570467
1.828,1.8281133
5.00001,5.00001
2.132,2.1320066
1.795,1.7950233
1.385,1.3850867
1.813,1.813
3.405,3.40456
2.25,2.25
0.683,0.68298334
2.379,2.3790166
1.497,1.4965433
1.258,1.25804
0.876,0.87598
1.25,1.25
1.688,1.688
1.35,1.3501067
0.863,0.863
0.649,0.64897
1.063,1.063
2.857,2.8572
2.724,2.7240534
2.177,2.17705
0.918,0.9180267
1.63,1.6299367
1.951,1.95094
0.325,0.32768
2.753,2.7529266
1.369,1.3690166
1.941,1.94102
2.302,2.30205
1.436,1.4354934
0.396,0.39399335
0.598,0.59801334
2.107,2.1069534
1.563,1.563
2.156,2.15605
1.775,1.7749966
2.189,2.18904
1.284,1.28416
1.906,1.9059867
3.983,3.9827566
3.671,3.67052
1.225,1.22501
3.761,3.76079
1.576,1.5759933
1.781,1.7810134
0.724,0.7239133
2.876,2.87558
1.75,1.75
2.808,2.8081968
1.605,1.6051266
1.586,1.58606
1.443,1.44304
1.363,1.36293
2.182,2.1820033
4.664,4.66799
3.861,3.86205
2.512,2.51205
1.904,1.9040034
2.231,2.2309468
3.61,3.6091833
2.75,2.75
0.708,0.7079567
4.6,4.6003733
0.675,0.675
2.25,2.25
1.761,1.76104
0.524,0.52359664
1.676,1.6760167
0.997,0.99675
0.889,0.8890167
2.237,2.23689
1.805,1.8050166
0.932,0.9319867
1.738,1.738
4.908,4.9051
1.042,1.0419767
2.761,2.7608933
2.547,2.5467367
2.123,2.1229334
0.875,0.875
0.942,0.9420033
1.635,1.6349567
5.00001,5.00001
1.25,1.25
1.823,1.8230033
1.117,1.1169534
1.46,1.46003
5.00001,5.00001
3.205,3.2048733
0.48,0.48028332
1.688,1.68794
0.675,0.675
1.731,1.73092
1.5,1.5
3.292,3.2930467
1.41,1.40982
3.78,3.7808
0.802,0.80184
2.033,2.0333767
3.949,3.9508367
0.845,0.84503335
3.273,3.2731266
2.012,2.01207
1.625,1.625
2.66,2.6602132
2.212,2.21198
1.765,1.7646867
2.063,2.06295
5.00001,5.00001
1.867,1.86687
1.125,1.125
0.905,0.9050033
1.908,1.9080234
1.988,1.9880034
1.656,1.6560867
5.00001,5.00001
1.457,1.45698
0.913,0.91301334
1.404,1.4040034
1.917,1.9169533
0.611,0.61098
1.53,1.5299933
0.855,0.8550133
1.645,1.645
3.862,3.8624732
3.413,3.41304
2.464,2.46388
1.218,1.2181734
1.325,1.32501
0.98,0.98
2.414,2.4139934
1.713,1.7129934
1.201,1.2010467
5.00001,5.00001
1.927,1.9270567
2.328,2.32797
1.918,1.91805
1.963,1.9629834
2.939,2.9388733
0.846,0.846
5.00001,5.00001
5.00001,5.00001
1.073,1.0730333
1.5,1.5000134
2.042,2.0417733
2.683,2.68296
1.035,1.0349133
1.615,1.61512
2.224,2.2239432
1.669,1.6692333
2.292,2.29203
2.059,2.0587633
0.955,0.95499
1.625,1.625
2.407,2.40704
0.828,0.8280067
2.302,2.3020566
1.859,1.8589567
1.058,1.0579767
1.188,1.1880033
1.944,1.9440134
1.833,1.833
2.925,2.9249468
1.442,1.4420433
5.00001,5.00001
1.342,1.34211
0.528,0.52801
1.887,1.8868533
2.04,2.0396
1.795,1.795
0.989,0.9890533
2.799,2.7992435
3.277,3.27684
2.08,2.0799367
2.083,2.0831134
1.125,1.1249933
2.347,2.34697
2.145,2.14502
3.385,3.3844533
5.00001,5.00001
2.841,2.8411
5.00001,5.00001
1.813,1.813
1.25,1.25
4.125,4.12486
1.125,1.125
0.903,0.90297
0.96,0.95999664
1.425,1.4249966
2.663,2.6631534
1.65,1.65
1.18,1.1798834
1.564,1.5640167
4.268,4.2685
3.086,3.0862033
2.392,2.39214
1.094,1.09399
0.666,0.66577333
3.685,3.6846666
3.305,3.3054667
2.736,2.7360334
5.00001,5.00001
3.211,3.21089
2.426,2.4260466
2.319,2.3189967
1.514,1.5139767
2.278,2.27803
3.8,3.7993667
0.952,0.9519967
1.939,1.9387866
2.607,2.6071134
1.91,1.9099333
0.649,0.64892
1.283,1.2830733
1.898,1.89799
1.833,1.8330033
1.518,1.5180033
2.573,2.5729
1.375,1.375
1.25,1.25
2.181,2.1810067
1.681,1.6810133
2.318,2.3180134
1.49,1.49007
1.703,1.7030133
3.913,3.9130034
2.823,2.8227134
5.00001,5.00001
1.354,1.35397
3.284,3.2854033
3.5,3.5000167
1.823,1.823
5.00001,5.00001
1.92,1.92
2.408,2.4078634
1.75,1.75
1.264,1.2637466
1.259,1.2589433
1.947,1.9470834
3.418,3.4181566
2.119,2.1189134
1.375,1.375
2.706,2.7058134
1.723,1.7234067
2.621,2.6212466
1.491,1.4911467
3.391,3.3905733
2.486,2.48636
1.287,1.2868266
3.439,3.4393067
1.75,1.75
2.875,2.8749866
1.436,1.4355034
3.462,3.4620333
2.322,2.3209968
2.0,2.0
2.415,2.4150767
0.675,0.675
1.917,1.9169967
1.783,1.7830334
1.782,1.7820066
1.332,1.3320833
2.738,2.73782
1.522,1.5219233
1.871,1.8710966
1.375,1.375
1.104,1.1039467
2.406,2.4060166
1.625,1.625
0.838,0.8379433
2.656,2.6559567
2.115,2.11477
1.734,1.73402
3.1,3.10003
0.995,0.9949833
1.914,1.9140333
2.201,2.2010067
1.673,1.6728933
0.65,0.64994
1.418,1.4180534
2.906,2.9057667
3.192,3.19089
1.188,1.1880033
2.0,2.0
2.195,2.19495
2.894,2.89432
1.164,1.1640533
1.623,1.6230733
1.141,1.1410034
0.713,0.71299
1.905,1.905
1.973,1.9733633
0.722,0.72199
1.033,1.0329133
1.43,1.4300066
2.449,2.44899
5.00001,5.00001
1.833,1.833
0.861,0.86089
2.184,2.1839566
1.108,1.1080134
2.113,2.1132166
3.388,3.3870833
1.231,1.2309667
2.695,2.6944268
3.214,3.21347
0.819,0.819
5.00001,5.00001
3.046,3.0453832
0.729,0.72896665
1.58,1.5799667
0.622,0.62195
1.163,1.1630033
3.141,3.14086
3.625,3.6251767
5.00001,5.00001
0.741,0.7409
1.5,1.5
2.7,2.7000468
1.208,1.2080266
2.5,2.5000067
0.722,0.722
3.75,3.7498934
2.396,2.3959534
1.833,1.83302
1.612,1.6119534
2.51,2.50973
0.455,0.45491335
1.781,1.78101
2.589,2.5880733
1.458,1.4580266
0.847,0.84701
2.167,2.1670034
1.304,1.3039234
1.585,1.5850533
1.178,1.1779866
2.15,2.14997
2.686,2.68626
1.0,1.0
3.327,3.3270333
1.867,1.86694
0.53,0.53001
1.497,1.4965366
3.458,3.4580233
1.245,1.2449367
4.758,4.7626734
5.00001,5.00001
5.00001,5.00001
1.759,1.75895
1.833,1.8330133
2.531,2.5308933
1.178,1.17791
1.435,1.43502
5.00001,5.00001
1.423,1.4230167
1.21,1.2101166
2.688,2.688
3.302,3.3019333
1.218,1.2181066
4.169,4.16948
2.667,2.6670034
1.894,1.89401
4.436,4.4382267
1.63,1.6299167
3.825,3.8235333
1.063,1.063
0.578,0.57775
0.575,0.57499665
2.38,2.3799634
2.189,2.1890066
1.186,1.1857333
3.091,3.0912
2.132,2.1320066
1.802,1.80213
4.708,4.707723
3.372,3.3725166
0.953,0.953
1.039,1.03907
5.00001,5.00001
2.15,2.1500068
1.894,1.89404
1.714,1.714
3.57,3.5696034
1.962,1.96197
0.985,0.98497665
1.788,1.7879733
2.266,2.2656634
1.714,1.714
2.714,2.7139866
2.168,2.1679766
0.679,0.67901
1.713,1.71299
1.109,1.1090567
3.325,3.3249066
1.5,1.5
1.734,1.7340066
2.375,2.375
0.658,0.65799665
1.731,1.7310233
3.212,3.2117434
2.65,2.6499734
0.875,0.875
2.103,2.1031034
2.478,2.4781532
3.757,3.7578666
1.137,1.137
5.00001,5.00001
0.456,0.45512667
1.306,1.30602
1.986,1.9859467
4.367,4.366367
0.926,0.9260067
1.5,1.4999866
3.599,3.5993233
5.00001,5.00001
0.938,0.93799335
3.833,3.8324766
1.917,1.9170033
2.672,2.6719334
2.802,2.8023534
0.521,0.52072
1.102,1.10199
1.646,1.6459767
3.248,3.2468934
1.227,1.2270133
2.167,2.167
0.736,0.73595667
2.541,2.54102
1.875,1.875
1.66,1.65995
1.579,1.57888
1.938,1.9379933
1.408,1.4080267
0.953,0.9530067
2.27,2.26981
2.656,2.6559
0.902,0.902
1.832,1.83198
1.846,1.84599
1.625,1.625
1.25,1.2499967
0.972,0.9719667
3.553,3.5525768
1.362,1.36193
1.25,1.25
3.056,3.0555933
1.766,1.7660633
3.486,3.4866567
2.992,2.9924634
0.721,0.72106665
1.095,1.0952033
2.811,2.81093
1.563,1.563
2.342,2.3417366
0.597,0.59703666
2.5,2.4999232
2.033,2.0328734
1.731,1.73097
3.003,3.0026767
2.38,2.3800132
1.79,1.7895933
1.66,1.6598966
1.607,1.6070067
1.475,1.47502
1.921,1.92087
0.564,0.5646433
3.048,3.0482466
4.398,4.3987966
1.375,1.375
1.375,1.375
1.346,1.346
2.625,2.6249967
0.834,0.83398
1.135,1.1349967
0.714,0.71418
2.045,2.0451167
2.824,2.8239133
1.457,1.4569833
2.647,2.6470566
2.75,2.7500134
1.716,1.7161766
2.167,2.16714
1.807,1.8070934
2.125,2.12499
1.677,1.67699
0.425,0.42504
2.384,2.3849134
1.44,1.4400033
0.436,0.43487
3.635,3.6357033
1.862,1.8620067
0.675,0.675
1.596,1.5959166
1.956,1.9559333
1.548,1.5479
4.507,4.50698
0.699,0.69883335
1.322,1.3220567
3.28,3.27972
2.728,2.72797
0.663,0.66305
1.293,1.29306
0.771,0.77100664
1.555,1.5549934
1.26,1.2599534
2.403,2.40302
1.33,1.3297167
0.949,0.949
2.039,2.0385268
0.61,0.6098833
1.392,1.3920066
2.292,2.29201
2.606,2.60503
2.511,2.5110533
3.276,3.27584
1.679,1.6790167
2.12,2.11999
2.333,2.3330634
2.554,2.5537667
0.675,0.675
1.62,1.6199967
1.172,1.1720034
1.097,1.09697
2.75,2.7500067
1.118,1.11801
1.66,1.6598867
0.927,0.92698336
1.86,1.8600034
0.973,0.97300667
2.413,2.41303
2.585,2.5850534
1.382,1.3821367
1.961,1.9609367
4.192,4.189747
1.388,1.3879733
3.766,3.7670467
1.651,1.65103
1.818,1.8179834
2.118,2.1179533
1.125,1.125
1.443,1.44307
2.22,2.21977
0.536,0.5356233
1.308,1.3079767
2.276,2.2758634
2.75,2.7500167
1.919,1.91903
0.641,0.64067
0.681,0.6810567
2.552,2.5519466
2.441,2.4410467
3.37,3.3697133
2.083,2.0830166
5.00001,5.00001
1.721,1.72098
1.289,1.28898
1.449,1.44905
0.72,0.7199967
1.429,1.429
4.361,4.360533
2.042,2.04183
1.957,1.9568733
0.905,0.90498334
2.361,2.36098
1.869,1.8690534
1.625,1.625
1.125,1.125
0.58,0.58004665
3.074,3.07414
3.538,3.5388067
2.909,2.9092066
3.586,3.58578
2.462,2.4619067
0.721,0.72109336
1.075,1.0750767
0.786,0.78589666
1.876,1.8762933
0.979,0.9790033
1.866,1.8659967
1.969,1.9689434
1.115,1.11501
1.563,1.5629966
2.182,2.1819966
2.935,2.9346533
0.59,0.58999336
1.628,1.6280067
1.029,1.029
0.543,0.54300666
1.663,1.6630067
1.525,1.5250067
1.426,1.426
1.5,1.5
0.844,0.84399
2.1,2.09999
1.375,1.375
3.5,3.5
1.719,1.7189167
1.431,1.43099
4.523,4.5216365
1.76,1.7599833
1.127,1.12664
0.684,0.68405336
1.907,1.9069934
3.318,3.3189733
1.84,1.84003
1.625,1.625
1.294,1.2940967
1.728,1.7280767
1.911,1.91099
2.949,2.9484234
1.886,1.8861066
0.638,0.6382
4.661,4.65772
1.868,1.8679767
1.393,1.3929566
3.303,3.30282
2.848,2.8481834
1.988,1.9881266
0.693,0.69298
1.455,1.45496
1.662,1.6619433
2.738,2.7379334
1.49,1.4900334
2.154,2.1539667
2.878,2.87788
4.063,4.0625935
1.603,1.6030034
2.4,2.4000034
0.609,0.60902333
1.423,1.4229634
0.848,0.8479433
2.054,2.05379
3.968,3.96797
1.354,1.35393
1.154,1.1540133
1.625,1.625
4.25,4.2495365
1.143,1.1430666
5.00001,5.00001
5.00001,5.00001
0.487,0.48705333
2.947,2.94715
3.005,3.0068066
3.432,3.43109
0.92,0.9199967
2.781,2.7810767
3.809,3.8082733
3.398,3.3974333
0.968,0.96798
2.7,2.7000532
1.9,1.9000133
1.813,1.8129933
1.006,1.00575
1.708,1.7080433
1.527,1.52695
3.536,3.5359666
2.0,2.0
2.134,2.1340833
1.531,1.5310167
3.797,3.79581
2.75,2.75
0.786,0.7859167
1.883,1.88308
1.38,1.37996
5.00001,5.00001
1.974,1.9739166
2.446,2.4461467
1.653,1.6529967
3.004,3.00387
0.882,0.88198
5.00001,5.00001
1.631,1.6309934
1.919,1.9189767
3.553,3.5528133
4.303,4.30104
0.427,0.42621666
3.781,3.78099
2.64,2.6400833
1.119,1.11881
2.245,2.2449434
1.25,1.25
0.641,0.64076334
0.884,0.88404
3.892,3.8904734
1.938,1.9379933
5.00001,5.00001
1.875,1.87502
2.103,2.10296
2.128,2.1280732
1.775,1.775
1.813,1.81298
1.595,1.5950533
1.775,1.7750334
1.161,1.161
5.00001,5.00001
1.625,1.625
1.355,1.3549234
0.996,0.99603665
1.185,1.1850233
1.569,1.569
1.472,1.47201
0.858,0.85804
5.00001,5.00001
1.709,1.70906
2.579,2.5790668
1.643,1.64283
4.389,4.3887434
0.98,0.98003334
2.887,2.8877366
2.032,2.0320933
2.836,2.8359666
1.625,1.625
0.953,0.9530067
1.617,1.6169866
1.875,1.875
1.58,1.57995
4.561,4.562627
1.029,1.0288934
1.654,1.6540233
0.544,0.544
1.472,1.4720666
0.95,0.9499933
1.43,1.4300066
0.972,0.97189665
1.129,1.1289233
1.733,1.733
3.931,3.9299
0.63,0.63005
2.973,2.9731634
2.421,2.4208934
2.939,2.9389267
1.131,1.13091
1.372,1.3719766
2.971,2.9726133
2.435,2.4349966
0.988,0.98801666
2.448,2.448
3.278,3.2780766
4.375,4.373093
1.635,1.635
1.024,1.02403
1.122,1.12198
1.659,1.6590867
2.5,2.5
1.581,1.5809833
0.875,0.875
1.35,1.3499867
0.795,0.7949967
1.621,1.6210333
2.284,2.2840166
1.406,1.406
0.713,0.713
2.663,2.6631234
0.813,0.81292
1.85,1.8500234
3.293,3.2935967
1.688,1.6879866
1.104,1.1040133
5.00001,5.00001
0.857,0.8568533
0.633,0.633
5.00001,5.00001
1.838,1.83798
1.507,1.50699
2.429,2.4290466
3.267,3.2668567
2.204,2.2030933
2.407,2.40692
5.00001,5.00001
0.984,0.984
1.669,1.66922
2.054,2.0538433
0.901,0.90104336
1.898,1.8979967
1.625,1.625
3.337,3.3369868
0.851,0.8508667
1.344,1.3439966
1.446,1.44596
2.15,2.14999
0.975,0.9750133
2.1,2.1
3.12,3.1194067
3.0,3.0
2.024,2.0239766
2.541,2.5410233
1.16,1.15996
1.67,1.6699966
3.969,3.9702234
2.27,2.26987
5.00001,5.00001
5.00001,5.00001
1.99,1.99
3.691,3.6914632
0.225,0.20796357
0.957,0.95699
3.659,3.65889
2.158,2.1579866
2.055,2.0554233
5.00001,5.00001
2.508,2.5075233
3.636,3.63596
2.942,2.9419367
1.714,1.71411
2.613,2.61308
1.149,1.1487967
2.584,2.58397
1.063,1.063
0.989,0.98904335
2.42,2.4201567
1.461,1.4609467
1.546,1.54598
1.975,1.97492
2.896,2.8956268
3.257,3.2570834
0.533,0.53299665
0.878,0.87798333
1.783,1.7830533
1.971,1.9710367
1.234,1.2339866
2.929,2.92909
1.098,1.09801
1.242,1.2420067
0.573,0.5726967
4.047,4.04734
1.875,1.875
0.637,0.63723
1.012,1.0120434
5.0,5.0
0.455,0.45513
4.635,4.6354365
1.813,1.81298
3.074,3.0743532
3.718,3.7172766
0.56,0.5599433
2.893,2.89308
1.282,1.2815866
2.714,2.7140067
1.821,1.821
2.194,2.1939533
0.784,0.78378665
0.961,0.9609733
3.947,3.9448867
2.225,2.2250133
0.875,0.875
1.375,1.37499
2.461,2.46052
1.757,1.7571167
1.641,1.6410366
1.328,1.32798
1.292,1.292
2.241,2.24098
1.039,1.0392267
1.128,1.12827
2.438,2.438
0.886,0.88606
1.861,1.8607833
1.861,1.86075
1.609,1.60905
1.492,1.4920467
0.764,0.76387334
5.00001,5.00001
0.956,0.95601
2.375,2.3750534
4.183,4.18371
1.975,1.9749466
0.664,0.6640667
2.69,2.6900566
2.19,2.1900268
1.569,1.5690033
1.342,1.34198
2.042,2.0419633
2.188,2.1880033
1.818,1.81798
1.685,1.6848567
2.992,2.9921434
1.66,1.6598333
1.935,1.9351833
2.125,2.1249933
3.862,3.86237
2.684,2.6839
1.281,1.2809967
2.712,2.71194
0.884,0.884
1.015,1.01501
4.955,4.95446
1.673,1.67294
1.413,1.41277
5.00001,5.00001
3.213,3.2123666
0.821,0.82123667
0.929,0.9290133
1.68,1.6801066
1.35,1.3496866
2.431,2.4309766
1.571,1.57113
0.979,0.9789967
1.777,1.7769933
1.318,1.3177867
2.688,2.6879234
3.143,3.14267
1.836,1.83599
1.0,1.0
2.322,2.3209934
1.381,1.3809366
1.625,1.625
4.573,4.57261
1.392,1.39201
2.445,2.4448366
0.616,0.6161
2.37,2.36998
1.125,1.125
1.223,1.22305
5.00001,5.00001
1.101,1.1009333
3.009,3.0087767
1.675,1.67496
2.464,2.4638133
2.793,2.7929265
4.14,4.13959
0.587,0.5869567
2.949,2.94841
3.652,3.6519566
3.683,3.68353
2.392,2.3921466
1.214,1.2139966
2.15,2.1501033
1.139,1.139
2.364,2.3641768
1.717,1.7169867
2.485,2.4840868
0.582,0.5818833
0.678,0.6780133
0.757,0.7571
1.78,1.7799933
0.604,0.60398
2.261,2.26063
1.795,1.7950133
1.582,1.58198
2.786,2.78583
4.808,4.80822
1.923,1.92302
1.417,1.4169967
3.308,3.3079133
1.0,1.0
1.032,1.0318934
0.535,0.53496665
1.857,1.8570234
1.929,1.9289533
2.56,2.55995
1.385,1.3850267
0.696,0.69601667
2.468,2.4669034
2.659,2.6590433
1.625,1.625
3.227,3.22671
1.489,1.4890434
4.29,4.290497
5.00001,5.00001
2.541,2.54101
3.281,3.2796032
1.691,1.6908833
2.554,2.5543067
0.764,0.76396334
1.514,1.5139767
3.111,3.1111467
1.875,1.875
2.132,2.1320033
2.083,2.0829933
2.028,2.0281267
0.901,0.90106666
0.924,0.9239733
1.365,1.3650466
0.922,0.92207
0.794,0.7942333
0.955,0.95494336
2.492,2.4917266
1.117,1.1169667
1.906,1.9060034
1.918,1.9180067
5.00001,5.00001
0.508,0.508
1.635,1.6350067
3.689,3.6884367
0.57,0.5701967
0.75,0.75001
2.29,2.2898834
3.409,3.4087067
2.766,2.7661
1.884,1.8837733
0.739,0.73929334
1.5,1.5000067
1.471,1.4710233
1.863,1.8629767
2.349,2.3490567
1.225,1.22507
3.989,3.98866
2.5,2.4999166
1.136,1.136
2.448,2.4480033
2.25,2.25
1.869,1.8690634
3.097,3.0969334
1.306,1.3060033
3.423,3.4228432
0.65,0.6500033
2.789,2.7883368
1.688,1.688
4.184,4.184213
1.09,1.0901266
1.601,1.6009966
3.45,3.4500833
4.188,4.187753
2.091,2.0910034
0.975,0.9750367
5.00001,5.00001
1.086,1.08607
1.333,1.3330033
0.509,0.50793
3.116,3.1151266
3.655,3.6547434
1.75,1.7499933
1.703,1.7030233
2.795,2.7951467
1.259,1.2589266
1.557,1.5570433
0.833,0.83307
1.563,1.5629833
2.148,2.14813
1.103,1.10306
1.65,1.6499966
3.495,3.4956133
5.00001,5.00001
1.257,1.2568734
1.931,1.93073
5.00001,5.00001
1.996,1.9958034
5.00001,5.00001
1.634,1.63404
1.375,1.375
1.215,1.2152166
3.812,3.8128166
1.119,1.1188233
0.58,0.5800767
0.638,0.6379567
3.632,3.6329
2.064,2.0635033
3.708,3.7105234
0.818,0.8180067
2.715,2.7151532
1.97,1.97005
0.734,0.73403335
3.017,3.01583
1.196,1.1958467
2.581,2.5807667
0.175,0.20041223
1.457,1.45697
1.02,1.0199733
4.0,4.0000467
0.992,0.99200666
4.854,4.8519
4.771,4.7732067
0.669,0.6689967
3.754,3.7555268
1.696,1.6960567
2.476,2.4759867
1.647,1.6469966
3.094,3.09472
1.853,1.8530034
2.302,2.3019533
1.561,1.5609233
3.025,3.02521
0.978,0.97791666
2.513,2.5130033
2.813,2.8128734
1.531,1.5310067
3.556,3.5559666
1.013,1.0129566
2.66,2.65991
1.607,1.6070067
3.058,3.0582032
1.475,1.4750134
1.863,1.8629767
1.626,1.62616
4.847,4.848387
1.75,1.7499334
1.272,1.2720133
3.651,3.64972
2.365,2.3651133
2.14,2.14004
2.258,2.2580867
1.289,1.2889833
0.735,0.73489666
1.147,1.1467134
1.75,1.75
3.181,3.1808167
3.312,3.3120368
1.925,1.9249433
1.595,1.5950767
1.627,1.62699
0.673,0.6729867
2.129,2.1288633
1.406,1.4059033
1.865,1.865
3.932,3.9307833
0.553,0.55302
4.098,4.0973935
1.918,1.91803
0.995,0.99493665
1.75,1.75
1.58,1.57998
1.069,1.0689533
2.772,2.77264
3.267,3.2667167
0.96,0.95992666
4.318,4.31844
1.722,1.7219833
1.125,1.125
2.25,2.2500033
2.595,2.5939367
2.915,2.9147468
0.504,0.5036
1.5,1.5
2.246,2.24612
1.306,1.3060067
0.697,0.6969467
3.53,3.53002
2.312,2.3121734
2.051,2.0510666
3.981,3.9808
1.413,1.41295
1.733,1.733
1.279,1.2789967
2.895,2.8946834
0.959,0.95893
1.334,1.3340334
1.468,1.4679366
1.813,1.813
0.546,0.54615664
0.555,0.5549433
1.5,1.5
1.028,1.0280434
0.933,0.93295336
1.231,1.2310266
2.318,2.31798
1.595,1.5950667
1.083,1.0829967
0.431,0.43062666
1.056,1.05604
1.683,1.6830634
0.283,0.26520327
2.829,2.82915
2.343,2.3429732
2.125,2.1250033
2.056,2.05601
1.5,1.4999833
1.93,1.9299634
0.14999,0.20081583
1.7,1.7000133
1.683,1.68304
0.935,0.9349833
1.918,1.9180067
1.815,1.8149867
1.954,1.9539833
1.219,1.21881
1.426,1.4260067
1.583,1.5830233
1.653,1.65301
1.55,1.55
0.921,0.92071664
0.681,0.68102664
2.763,2.7626667
3.352,3.3519766
1.211,1.2108734
1.771,1.7709934
1.875,1.875
1.92,1.9200333
3.012,3.0119534
1.591,1.5910033
5.00001,5.00001
2.737,2.7370667
2.339,2.33907
5.00001,5.00001
2.228,2.22802
1.402,1.4019834
1.598,1.5980166
1.188,1.188
5.00001,5.00001
1.055,1.0550467
2.178,2.1779234
1.875,1.875
2.873,2.8726432
1.31,1.3099834
0.558,0.55794334
1.619,1.6189667
2.536,2.5358534
1.55,1.5499933
3.115,3.1148467
0.878,0.8779633
1.058,1.05801
1.37,1.3700433
1.563,1.5629966
1.547,1.5470067
1.674,1.67392
4.578,4.57715
5.00001,5.00001
1.883,1.88303
4.429,4.4293065
5.00001,5.00001
5.00001,5.00001
1.875,1.875
0.574,0.57387334
3.875,3.8744566
2.72,2.71962
1.676,1.6760234
4.037,4.038163
1.917,1.9169834
5.00001,5.00001
1.871,1.8710066
0.964,0.9640033
0.924,0.92399335
2.139,2.1389966
1.55,1.55009
1.33,1.3299767
2.75,2.7500134
2.385,2.3847733
1.583,1.5830133
0.705,0.70489
2.223,2.2234466
4.119,4.11836
1.851,1.851
5.00001,5.00001
1.398,1.3980334
1.781,1.7810134
1.593,1.5928967
1.25,1.25
1.971,1.9711
0.64,0.64002
1.946,1.9459333
1.625,1.625
0.844,0.84401
0.613,0.6128967
3.682,3.68167
1.221,1.2209834
0.861,0.86090666
2.099,2.09903
1.708,1.708
1.75,1.75
1.266,1.2660333
2.822,2.8220534
2.077,2.07659
1.042,1.0420033
2.143,2.1429935
0.803,0.80297333
2.731,2.7309368
2.375,2.375
0.738,0.73814
1.844,1.844
3.42,3.41968
1.297,1.2969466
2.24,2.2398434
1.569,1.569
3.949,3.9509068
1.577,1.5770034
1.199,1.19851
3.169,3.1689832
2.125,2.1249967
0.683,0.6830033
1.651,1.65103
0.936,0.93599
0.888,0.8879833
1.847,1.8469534
3.271,3.2734067
1.343,1.3430133
5.00001,5.00001
1.621,1.6210233
5.00001,5.00001
2.292,2.2920234
1.125,1.125
3.542,3.54234
3.621,3.62221
1.625,1.625
1.005,1.0051867
0.677,0.67708
0.571,0.57109
1.648,1.6479967
2.042,2.0419967
3.424,3.42345
1.815,1.8150033
3.045,3.0452533
2.353,2.3530033
1.053,1.0530033
2.914,2.9136233
1.596,1.5959734
1.118,1.1180067
1.196,1.19594
3.297,3.29659
1.367,1.3669467
1.014,1.0139834
1.186,1.1856967
1.333,1.3329967
0.525,0.52499
2.346,2.34593
0.75,0.75
1.763,1.7629967
3.468,3.4677267
2.518,2.51799
0.542,0.54198664
0.675,0.675
1.425,1.4249966
1.016,1.01602
2.273,2.2730033
3.372,3.3726366
1.188,1.1880033
0.675,0.675
2.02,2.01995
0.942,0.9419633
0.962,0.962
2.25,2.25
2.587,2.5869467
1.031,1.0310167
1.172,1.17202
1.648,1.6480167
1.44,1.4400133
5.00001,5.00001
1.554,1.5539833
1.147,1.14671
1.231,1.2310534
2.268,2.2679667
1.804,1.80403
3.109,3.1087568
1.488,1.4879934
0.847,0.84702
0.637,0.63722336
2.62,2.6200933
4.381,4.382447
2.265,2.2651
0.876,0.8759133
3.455,3.45485
1.401,1.4007967
3.667,3.6671367
2.708,2.7079866
1.688,1.6879866
2.938,2.93794
2.518,2.51793
0.851,0.85083
2.675,2.6750667
1.409,1.40908
2.855,2.8538334
1.513,1.5127567
2.25,2.25
0.446,0.44615668
4.5,4.5
2.293,2.2929833
2.25,2.25
1.38,1.3799267
0.969,0.969
1.612,1.6119467
1.443,1.4430434
4.5,4.5
1.225,1.2250366
2.487,2.4869332
1.342,1.3421266
3.481,3.4807668
0.783,0.78306335
1.078,1.07807
1.469,1.46901
1.883,1.8830867
1.625,1.625
0.586,0.58602667
1.837,1.83694
1.804,1.80399
1.75,1.7498667
1.372,1.37199
1.1,1.1000134
2.334,2.3350234
1.283,1.2829233
3.5,3.5
1.552,1.5520667
2.567,2.5666234
0.859,0.85906667
0.732,0.73202
2.583,2.5830066
0.628,0.6278267
4.85,4.8519335
1.24,1.2400167
1.585,1.5850067
0.973,0.97298664
1.867,1.86694
3.441,3.4408834
1.667,1.66699
1.089,1.08901
4.829,4.83281
2.044,2.0438766
2.307,2.3069832
0.53,0.52994335
1.785,1.7848966
5.00001,5.00001
5.00001,5.00001
0.849,0.84906
5.00001,5.00001
2.468,2.46696
1.563,1.563
2.346,2.346
0.488,0.48812667
1.458,1.4580033
2.715,2.71503
5.00001,5.00001
0.875,0.875
0.691,0.69112664
1.393,1.39296
2.734,2.73397
2.297,2.29675
0.682,0.6819467
1.143,1.14302
1.599,1.5989866
1.166,1.1659067
2.099,2.09904
0.689,0.68895
1.014,1.01389
2.14,2.1400733
3.553,3.55284
0.903,0.90298665
1.593,1.5928867
0.639,0.6391467
2.182,2.1820033
2.536,2.53595
0.813,0.8129967
1.886,1.8861133
1.654,1.65402
1.063,1.063
2.101,2.1011434
1.476,1.47608
1.125,1.125
1.75,1.75
1.566,1.5659766
1.173,1.1730967
2.292,2.292
3.5,3.5
1.719,1.71893
1.993,1.9930034
2.516,2.51489
3.0,3.00003
1.589,1.5890067
2.168,2.1680233
1.98,1.97992
3.561,3.5611567
1.923,1.9230267
3.145,3.1436067
0.5,0.50001335
1.625,1.625
1.671,1.67099
1.388,1.3879334
1.476,1.4760534
2.385,2.3851266
1.107,1.10709
3.338,3.3380532
1.921,1.92085
2.94,2.9404166
1.545,1.5450133
1.519,1.5190166
5.00001,5.00001
3.229,3.22922
1.656,1.6560333
2.212,2.2120266
1.704,1.70394
1.987,1.9870467
1.625,1.625
4.112,4.1125665
3.355,3.35478
1.491,1.49112
3.815,3.8144467
1.839,1.839
0.912,0.91195333
4.115,4.1149635
2.203,2.2029066
1.581,1.5809933
0.696,0.69601
2.705,2.70494
2.616,2.61594
3.895,3.8985534
0.75,0.75
1.776,1.7761134
1.704,1.70388
1.542,1.5419967
1.319,1.3189933
0.444,0.44460666
1.45,1.4500034
2.241,2.24099
1.875,1.8750067
1.929,1.9292034
0.886,0.88604
1.839,1.8390067
2.25,2.24999
1.828,1.8280634
1.376,1.3761433
2.653,2.65316
0.366,0.37285334
1.255,1.2547866
1.386,1.38627
4.871,4.8720136
1.786,1.7860234
1.345,1.34501
3.067,3.06703
1.158,1.1580033
0.914,0.91401666
2.109,2.1089234
2.592,2.5924532
3.473,3.4740033
1.684,1.6841266
1.509,1.5090367
1.135,1.135
3.026,3.02604
4.233,4.2314634
4.922,4.92409
1.906,1.9059933
2.45,2.45003
0.557,0.55706334
0.84,0.8399133
2.75,2.75
1.896,1.89596
2.759,2.75896
3.198,3.1970568
2.917,2.91707
0.679,0.6789233
1.89,1.88998
0.9,0.89999
3.35,3.3501434
1.767,1.7669767
0.985,0.9849967
2.006,2.00594
0.602,0.60239667
1.919,1.919
1.911,1.9109933
3.373,3.3733
2.25,2.25
2.906,2.9059567
1.215,1.2151333
2.932,2.9324667
1.07,1.07
2.664,2.6640234
0.769,0.7690733
2.203,2.2028468
1.011,1.01097
4.746,4.7477665
0.653,0.6528467
1.137,1.1370233
2.142,2.14197
2.167,2.16704
1.984,1.9839866
2.122,2.1220767
2.227,2.2268767
2.659,2.65885
0.375,0.3730533
2.65,2.6501267
1.087,1.0867634
0.467,0.46701
1.875,1.8750033
0.616,0.61602336
3.43,3.4304733
1.66,1.65991
5.00001,5.00001
1.375,1.375
0.906,0.90601
0.77,0.7698633
1.481,1.48095
0.916,0.9157133
1.509,1.5090533
1.551,1.55108
0.892,0.89204335
2.154,2.15399
0.551,0.55105335
1.974,1.9739933
1.544,1.5439967
1.417,1.417
0.984,0.98398
1.526,1.5260767
1.096,1.0959166
1.713,1.71299
1.041,1.0408534
1.539,1.5390767
2.7,2.7000666
2.865,2.8648534
3.35,3.34995
1.377,1.37655
2.32,2.32001
3.938,3.93794
0.703,0.70285666
1.417,1.417
1.563,1.5629933
4.5,4.5000367
1.998,1.9982166
0.953,0.95301
0.869,0.86899
1.875,1.875
2.218,2.21775
0.588,0.5880333
1.344,1.3440033
2.386,2.3859732
1.609,1.60898
1.364,1.36401
1.44,1.4400033
1.593,1.5929266
1.553,1.5529166
1.426,1.4260033
1.207,1.20695
1.262,1.2619767
2.134,2.1340966
1.169,1.1688267
1.858,1.85806
3.56,3.5601566
1.5,1.5000033
0.889,0.88901335
2.591,2.5923
5.00001,5.00001
1.276,1.27604
0.699,0.69883
1.37,1.3699867
2.737,2.73707
0.92,0.92000335
1.183,1.1830367
4.108,4.10759
1.005,1.0048066
4.929,4.932473
1.185,1.1850066
1.135,1.135
0.899,0.89877665
5.00001,5.00001
5.00001,5.00001
1.463,1.4629333
1.135,1.13499
2.75,2.75
1.025,1.0250833
1.471,1.4711733
2.25,2.25
1.394,1.39408
1.758,1.7580134
0.57,0.57022333
2.696,2.6959333
2.729,2.7290666
0.762,0.76196665
4.841,4.83705
1.806,1.8059633
2.38,2.3799968
1.375,1.375
1.863,1.86299
1.929,1.9292266
0.845,0.84502333
1.076,1.0760434
0.555,0.5549033
2.653,2.6530533
3.883,3.8824434
4.827,4.82844
1.981,1.9810367
0.927,0.92698336
3.462,3.46187
0.388,0.39031667
0.567,0.56691664
1.237,1.23699
0.938,0.938
0.932,0.93198335
0.44,0.44029
0.692,0.6917767
3.018,3.0174367
2.542,2.54197
2.098,2.0980268
1.845,1.84507
0.734,0.73409
3.39,3.3901367
0.931,0.93103665
2.023,2.0231366
1.333,1.3329967
2.707,2.70714
2.402,2.4020567
1.393,1.393
0.57,0.57031
1.707,1.707
1.192,1.1919667
1.773,1.77295
2.896,2.8959866
2.976,2.9758632
1.099,1.09901
1.475,1.4749967
0.787,0.7870067
1.603,1.60301
0.777,0.77687
4.735,4.734667
5.00001,5.00001
1.331,1.3309634
0.935,0.93502665
2.801,2.8018832
2.567,2.5665734
2.88,2.8802733
1.611,1.61102
1.37,1.3700067
0.62,0.61989
4.438,4.43827
0.683,0.6829567
2.621,2.6209834
1.094,1.0939966
4.093,4.092107
1.752,1.7520933
1.477,1.4769434
2.875,2.8749833
0.932,0.9320033
0.938,0.93799335
1.724,1.7239766
3.186,3.18612
1.852,1.8519967
0.652,0.65191334
1.797,1.79699
1.592,1.5919933
1.519,1.519
0.717,0.71685
2.452,2.4520433
2.283,2.2826834
1.964,1.9639933
1.924,1.9239967
0.659,0.65885
2.823,2.8228433
1.853,1.8530767
0.886,0.88612
0.675,0.675
1.434,1.434
1.194,1.1940334
2.158,2.15798
2.574,2.5739367
3.734,3.7342267
1.523,1.5229434
2.457,2.4569767
0.8,0.79999
1.372,1.3720033
2.669,2.66912
3.953,3.95235
2.221,2.2209632
5.00001,5.00001
5.00001,5.00001
2.329,2.32892
2.597,2.5964634
2.157,2.1572165
2.432,2.4319932
2.214,2.2139933
1.125,1.125
3.885,3.8849733
4.1,4.0988564
1.63,1.62992
5.0,5.0
2.313,2.3129933
0.761,0.76109666
4.586,4.5848
3.663,3.66234
2.968,2.9679434
0.586,0.5859967
0.848,0.84793335
1.173,1.1730267
1.266,1.2659934
1.708,1.708
1.493,1.4929267
1.19,1.18993
3.75,3.7500134
2.849,2.8489566
1.701,1.7010467
5.00001,5.00001
0.987,0.98695666
0.608,0.60801333
1.428,1.4279433
2.239,2.2391267
1.375,1.3750033
2.978,2.9774368
1.127,1.1266
1.133,1.1330134
1.214,1.2139966
2.484,2.4839168
4.078,4.0774264
3.566,3.56576
1.063,1.06299
1.214,1.214
2.409,2.40899
2.471,2.47104
1.379,1.3790433
0.863,0.86299664
5.00001,5.00001
2.163,2.1633832
3.056,3.0559332
1.583,1.5830133
4.521,4.5227
0.95,0.9499867
1.057,1.0570333
0.846,0.84597
2.401,2.4009466
1.625,1.625
0.966,0.96608335
0.922,0.92201
2.282,2.2820234
1.137,1.1369966
0.69,0.68997335
5.00001,5.00001
2.25,2.25
1.74,1.7400134
5.00001,5.00001
2.53,2.5299234
2.776,2.77589
2.852,2.85213
0.903,0.90296334
1.899,1.8989934
3.166,3.16565
3.019,3.01964
0.931,0.93101335
0.942,0.94201
2.138,2.1379132
1.875,1.875
5.00001,5.00001
3.257,3.2567167
3.0,2.99997
1.439,1.4384266
5.00001,5.00001
2.641,2.6409867
0.623,0.62309664
1.388,1.38797
1.054,1.0540034
0.635,0.6351167
5.00001,5.00001
0.978,0.9778867
1.274,1.27408
1.353,1.35304
1.561,1.5609434
4.468,4.46714
0.65,0.64998335
1.518,1.518
1.922,1.9219834
1.531,1.53101
1.658,1.65799
2.542,2.54201
2.342,2.3418767
1.125,1.125
1.187,1.1874133
2.409,2.4089966
2.833,2.83299
4.5,4.50006
0.521,0.5206767
0.559,0.5589667
0.881,0.88091666
2.489,2.4890566
0.686,0.6859667
1.563,1.563
2.727,2.72661
3.404,3.4040534
2.188,2.1879766
0.701,0.70101
5.00001,5.00001
1.625,1.625
1.118,1.1180834
1.102,1.1020033
0.742,0.74159
1.032,1.03192
1.721,1.7210033
1.32,1.32
1.663,1.6629866
1.073,1.0730033
1.079,1.0789633
0.946,0.946
0.661,0.66110665
1.582,1.58199
0.958,0.95801336
1.17,1.1699767
1.709,1.70911
0.929,0.92900336
1.625,1.625
1.938,1.9379966
1.346,1.3459933
1.231,1.2309767
1.157,1.1569667
0.835,0.83482
0.622,0.6218733
0.744,0.7440133
1.801,1.8009334
1.958,1.95819
5.00001,5.00001
1.443,1.4430434
1.254,1.254
0.808,0.80815333
0.659,0.65879333
1.579,1.5788933
5.00001,5.00001
1.808,1.8079833
2.362,2.3618634
1.03,1.0299767
2.169,2.1690233
3.833,3.83235
5.00001,5.00001
0.835,0.83499336
2.144,2.1444566
1.0,1.0000334
0.788,0.78799
0.976,0.97607666
1.784,1.78403
2.871,2.8710933
2.701,2.7009733
1.855,1.8549833
0.906,0.9059967
2.136,2.13558
1.243,1.2431366
2.05,2.0499666
2.567,2.56698
3.927,3.9266334
1.333,1.33299
1.871,1.8710233
2.554,2.5542867
3.474,3.4750266
1.717,1.71713
1.125,1.125
0.826,0.82562333
0.486,0.48563
1.341,1.3410066
2.258,2.2581
5.00001,5.00001
4.7,4.6993966
2.258,2.2580934
1.58,1.57997
1.171,1.1709633
4.163,4.1636167
1.208,1.2080133
2.263,2.2628834
1.222,1.222
1.0,1.0
2.295,2.2952633
1.958,1.9579934
0.85,0.85004
2.647,2.6469767
4.555,4.5523567
1.76,1.7599933
0.811,0.81092334
1.664,1.6641734
0.826,0.8255233
2.722,2.7221234
2.711,2.7110467
2.394,2.39392
1.718,1.7181534
1.218,1.2180734
1.736,1.7358767
2.393,2.3929734
0.588,0.58798
2.875,2.8750033
0.707,0.7069833
1.817,1.8169934
1.137,1.1370233
2.241,2.24098
3.513,3.5126667
3.013,3.01174
0.807,0.80703664
1.526,1.5260834
2.374,2.3739967
1.794,1.79405
5.00001,5.00001
1.702,1.70205
1.653,1.6530033
2.259,2.25915
1.597,1.5969766
3.635,3.63572
1.321,1.32103
3.768,3.76797
0.969,0.96900666
3.162,3.1616232
3.238,3.2377033
3.875,3.87487
1.491,1.49111
5.00001,5.00001
2.25,2.25
1.788,1.7879733
0.875,0.875
1.301,1.3009067
5.00001,5.00001
3.49,3.49014
0.73,0.7299967
2.447,2.44703
2.754,2.7540634
2.462,2.4618068
2.362,2.36194
2.322,2.3210068
0.533,0.5328533
1.631,1.6309934
0.724,0.7239067
2.345,2.34498
1.5,1.5
1.161,1.1609933
1.813,1.8129966
1.21,1.2100366
0.887,0.88700336
1.825,1.825
1.974,1.97391
1.281,1.2809267
0.765,0.76456
3.0,2.9999466
5.00001,5.00001
1.603,1.6030034
3.356,3.3560734
1.576,1.5760033
1.906,1.9060034
1.808,1.80786
1.042,1.0419633
1.118,1.1180134
1.941,1.9410167
2.538,2.5379434
1.295,1.2950866
1.176,1.176
3.398,3.3973067
3.429,3.4288132
1.955,1.9550734
0.838,0.83799666
0.942,0.94200665
1.406,1.406
1.609,1.6090534
1.693,1.6929966
2.759,2.75903
1.462,1.4620334
2.023,2.02316
1.54,1.53996
1.355,1.3549933
2.359,2.35895
1.288,1.2881967
2.496,2.4954066
3.0,2.99998
1.341,1.3409966
3.086,3.0860333
3.5,3.5
1.108,1.1080567
1.908,1.9080133
1.088,1.08798
1.444,1.44401
1.629,1.6289966
1.639,1.63901
0.98,0.98001665
1.327,1.3270134
2.831,2.8314333
4.072,4.0712466
2.482,2.4820333
0.645,0.64482
5.00001,5.00001
1.944,1.944
1.375,1.375
1.273,1.2730234
0.853,0.85292
1.949,1.9486133
2.211,2.211
1.922,1.9219733
4.045,4.0446568
0.735,0.7349167
2.337,2.33684
1.188,1.1879933
0.7,0.7000033
1.828,1.8281866
5.00001,5.00001
1.577,1.5770034
2.479,2.47897
5.00001,5.00001
3.579,3.5788267
0.569,0.56867
3.024,3.02429
1.254,1.2537234
3.864,3.8648067
1.756,1.7565566
1.105,1.10517
3.867,3.8671334
1.375,1.3749967
2.287,2.2869167
1.494,1.49375
0.737,0.73695666
5.00001,5.00001
1.321,1.32089
0.865,0.86503667
4.179,4.1783233
1.726,1.7259966
0.997,0.9967267
0.725,0.725
1.808,1.80788
3.084,3.08462
2.883,2.8830032
3.022,3.0215566
2.888,2.88769
1.0,1.0
2.33,2.32983
1.369,1.36904
2.094,2.09399
2.466,2.4662766
0.652,0.6520467
4.912,4.9096065
3.567,3.5678632
1.643,1.6428967
0.882,0.88196
1.559,1.5589633
1.917,1.9169633
0.844,0.84402335
1.901,1.9010767
1.125,1.125
1.152,1.1519966
1.746,1.74627
1.135,1.1349933
1.524,1.5239466
2.503,2.50282
1.837,1.8369167
5.00001,5.00001
3.109,3.1088367
2.306,2.3059933
0.685,0.68499666
2.674,2.6739066
1.453,1.45303
2.82,2.8197534
2.821,2.82107
1.898,1.8980033
2.544,2.5440867
1.617,1.6169766
1.888,1.8881466
5.00001,5.00001
0.944,0.94399333
3.428,3.4278233
1.915,1.91486
2.096,2.0959566
2.35,2.34992
2.314,2.3140666
1.302,1.30205
2.082,2.0819967
5.00001,5.00001
1.686,1.68583
2.281,2.2809734
1.269,1.2689867
1.355,1.35499
1.567,1.56698
2.086,2.0860567
4.367,4.366433
0.71,0.70995665
0.888,0.88795334
3.416,3.4159768
1.202,1.2023033
1.482,1.4819933
5.00001,5.00001
3.75,3.7500134
1.375,1.375
0.648,0.64797336
2.318,2.3179967
1.607,1.6070067
2.51,2.5098667
1.425,1.4249933
1.765,1.7646034
1.771,1.7709934
3.118,3.1179667
0.846,0.84596336
1.226,1.2259433
1.982,1.98189
5.0,5.0
2.798,2.79807
1.95,1.94996
2.028,2.0281067
3.541,3.54057
2.595,2.5938933
5.00001,5.00001
2.724,2.7239966
1.839,1.8390067
2.858,2.85804
2.25,2.25
2.926,2.9270334
0.552,0.55197
2.62,2.6201034
1.589,1.589
1.721,1.7210166
1.917,1.9169867
2.25,2.25
1.083,1.0831866
1.136,1.1359967
1.0,1.0
1.917,1.91699
1.172,1.1720133
1.106,1.10601
0.802,0.80186665
0.981,0.98100334
2.538,2.53796
0.481,0.48065665
1.928,1.92809
1.328,1.3279667
1.963,1.9630734
3.208,3.20806
3.194,3.1941166
2.037,2.03703
2.071,2.0713
0.799,0.79920334
5.00001,5.00001
3.3,3.30006
1.39,1.3899267
1.875,1.875
4.483,4.4766035
1.763,1.7629334
1.759,1.7589633
1.042,1.0420166
1.622,1.6219933
1.668,1.66801
1.612,1.6119534
1.531,1.5310067
1.569,1.569
1.581,1.58099
0.769,0.76897335
1.654,1.6539934
0.735,0.73504
1.184,1.1839466
1.424,1.4239167
2.803,2.80296
1.072,1.0719566
1.833,1.8330033
0.988,0.9880133
2.345,2.345
1.435,1.4350033
1.08,1.0800433
0.978,0.97794
0.705,0.70490664
2.259,2.2590666
2.398,2.3978367
1.364,1.3640066
1.806,1.8059633
2.396,2.39589
2.657,2.6572
2.042,2.0416768
1.225,1.2250533
2.04,2.0397534
1.953,1.9530166
2.158,2.1579366
5.00001,5.00001
0.758,0.7579567
2.654,2.65395
2.737,2.7370234
1.164,1.16404
0.594,0.59396666
1.37,1.3700367
1.192,1.1919466
2.442,2.4419334
1.7,1.7
2.803,2.80289
2.85,2.8496666
1.026,1.02589
1.205,1.2052133
3.616,3.6157534
4.553,4.5512834
2.134,2.1341367
1.58,1.5799433
2.17,2.16995
0.637,0.6372167
2.443,2.4434633
1.511,1.51104
1.108,1.10802
4.338,4.337927
0.729,0.72896
1.085,1.08509
4.526,4.5250635
4.676,4.67546
2.633,2.6328733
2.668,2.66762
5.00001,5.00001
0.723,0.72296333
1.515,1.5149866
